[{"title":"mod yelee by myself","date":"2017-07-09T06:37:26.000Z","path":"2017/07/09/mod-yelee-by-myself/","text":"yelee： 1 style.styl 末尾添加了如下代码： .category-list font-size 0.9em padding 15px 20px .category-list-count margin-left 8px font-size 0.8em color color-meta &amp;:before content &apos;(&apos; &amp;:after content &apos;)&apos;ul, ol, dl list-style none ul, ol, dl margin-left 20px li:before content &apos;&gt; &apos; from： http://lupeng.me/2015/06/23/%E6%B7%BB%E5%8A%A0%E5%A4%9A%E7%BA%A7%E5%88%86%E7%B1%BB.html 在/yelee/layout/left/_partial/left-col.ejs 末尾 之上添加如下代码： &lt;% if (!is_post()) &#123; %&gt; &lt;% if (site.categories.length)&#123; %&gt; &lt;div class=&quot;widget tag&quot;&gt; &lt;h3 class=&quot;title&quot;&gt;&lt;%= __(&apos;分类 :&apos;) %&gt;&lt;/h3&gt; &lt;%- list_categories(site.categories) %&gt; &lt;/div&gt; &lt;% &#125; %&gt; &lt;% &#125; %&gt; 出处同上 同一文件 &lt;% if (theme.subtitle){ %&gt; 之上 添加 换 同一文件 &lt;% if (theme.search.on){ %&gt; 之上 添加 换 代码片段： &lt;%=theme.author%&gt; &lt;br&gt; &lt;% if (theme.subtitle){ %&gt; &lt;p class=&quot;header-subtitle&quot;&gt; &lt;%=theme.subtitle%&gt; &lt;/p&gt; &lt;%}%&gt; &lt;br&gt; &lt;% if (theme.search.on){ %&gt; &lt;form id=&quot;search-form&quot;&gt; 修改 yelee/layout/_partial/footer.ejs 改 footer-left 为 footer-right. 并且 删除 原有的 footer-right 和 所有的&lt;% %&gt;包含的统计访问量代码 # Hexo Configuration## Docs: https://hexo.io/docs/configuration.html## Source: https://github.com/hexojs/hexo/# Sitetitle: 一个DBA的工作学习笔记subtitle: 欲事之无繁，则必劳于始而逸于终description: 一个DBA的工作学习笔记author: 付腾飞language: zh-Hanstimezone:# URL## If your site is put in a subdirectory, set url as 'http://yoursite.com/child' and root as '/child/'url: http://dbafu.github.ioroot: /permalink: :year/:month/:day/:title/permalink_defaults:# Directorysource_dir: sourcepublic_dir: publictag_dir: tagsarchive_dir: archivescategory_dir: categoriescode_dir: downloads/codei18n_dir: :langskip_render:# Writingnew_post_name: :title.md # File name of new postsdefault_layout: posttitlecase: false # Transform title into titlecaseexternal_link: true # Open external links in new tabfilename_case: 0render_drafts: falsepost_asset_folder: falserelative_link: falsefuture: truehighlight: enable: true line_number: false auto_detect: false tab_replace:# Category &amp; Tagdefault_category: uncategorizedcategory_map:tag_map:# Date / Time format## Hexo uses Moment.js to parse and display date## You can customize the date format as defined in## http://momentjs.com/docs/#/displaying/format/date_format: YYYY-MM-DDtime_format: HH:mm:ss# Pagination## Set per_page to 0 to disable paginationper_page: 10pagination_dir: page# Extensions## Plugins: https://hexo.io/plugins/## Themes: https://hexo.io/themes/# theme: landscapetheme: yelee# theme: next# 添加以下内容# jsonContentjsonContent: meta: false pages: false posts: title: true date: true path: true text: true raw: false content: false slug: false updated: false comments: false link: false permalink: false excerpt: true categories: true tags: truetranslate_title: translate_way: google #google | baidu | youdao youdao_api_key: XXX youdao_keyfrom: XXX is_need_proxy: false #true | false proxy_url: http://localhost:8123# Deployment## Docs: https://hexo.io/docs/deployment.htmldeploy: type: git repository: git@github.com:dbafu/dbafu.github.io.git branch: master","excerpt":"","categories":[],"tags":[{"name":"test","slug":"test","permalink":"http://dbafu.github.io/tags/test/"}]},{"title":"马克飞象","date":"2017-07-09T06:29:34.000Z","path":"2017/07/09/mark-fly-like/","text":"permalink: ‘’欢迎使用马克飞象\\@(示例笔记本)[马克飞象|帮助|Markdown] 马克飞象是一款专为印象笔记（Evernote）打造的Markdown编辑器，通过精心的设计与技术实现，配合印象笔记强大的存储和同步功能，带来前所未有的书写体验。特点概述： 功能丰富 ：支持高亮代码块、LaTeX 公式、流程图，本地图片以及附件上传，甚至截图粘贴，工作学习好帮手； 得心应手 ：简洁高效的编辑器，提供桌面客户端以及离线Chrome App，支持移动端 Web； 深度整合 ：支持选择笔记本和添加标签，支持从印象笔记跳转编辑，轻松管理。 [TOC] Markdown简介 Markdown 是一种轻量级标记语言，它允许人们使用易读易写的纯文本格式编写文档，然后转换成格式丰富的HTML页面。 —— 维基百科 正如您在阅读的这份文档，它使用简单的符号标识不同的标题，将某些文字标记为粗体或者斜体，创建一个链接或一个脚注[^demo]。下面列举了几个高级功能，更多语法请按Cmd + /查看帮助。 代码块@requires_authorizationdef somefunc(param1='', param2=0): '''A docstring''' if param1 &gt; param2: # interesting print 'Greater' return (param2 - param1 + 1) or Noneclass SomeClass: pass&gt;&gt;&gt; message = '''interpreter... prompt''' LaTeX 公式可以创建行内公式，例如 $\\Gamma(n) = (n-1)!\\quad\\forall n\\in\\mathbb N$。或者块级公式： $$ x = \\dfrac{-b \\pm \\sqrt{b^2 - 4ac}}{2a} $$ 表格 Item Value Qty Computer 1600 USD 5 Phone 12 USD 12 Pipe 1 USD 234 流程图st=&gt;start: Starte=&gt;endop=&gt;operation: My Operationcond=&gt;condition: Yes or No?st-&gt;op-&gt;condcond(yes)-&gt;econd(no)-&gt;op 以及时序图: Alice-&gt;Bob: Hello Bob, how are you?Note right of Bob: Bob thinksBob--&gt;Alice: I am good thanks! 提示：想了解更多，请查看流程图语法以及时序图语法。 复选框使用 - [ ] 和 - [x] 语法可以创建复选框，实现 todo-list 等功能。例如： [x] 已完成事项 [ ] 待办事项1 [ ] 待办事项2 注意：目前支持尚不完全，在印象笔记中勾选复选框是无效、不能同步的，所以必须在马克飞象中修改 Markdown 原文才可生效。下个版本将会全面支持。 印象笔记相关笔记本和标签马克飞象增加了@(笔记本)[标签A|标签B]语法, 以选择笔记本和添加标签。 绑定账号后， 输入(自动会出现笔记本列表，请从中选择。 笔记标题马克飞象会自动使用文档内出现的第一个标题作为笔记标题。例如本文，就是第一行的 欢迎使用马克飞象。 快捷编辑保存在印象笔记中的笔记，右上角会有一个红色的编辑按钮，点击后会回到马克飞象中打开并编辑该笔记。 注意：目前用户在印象笔记中单方面做的任何修改，马克飞象是无法自动感知和更新的。所以请务必回到马克飞象编辑。 数据同步马克飞象通过将Markdown原文以隐藏内容保存在笔记中的精妙设计，实现了对Markdown的存储和再次编辑。既解决了其他产品只是单向导出HTML的单薄，又规避了服务端存储Markdown带来的隐私安全问题。这样，服务端仅作为对印象笔记 API调用和数据转换之用。 隐私声明：用户所有的笔记数据，均保存在印象笔记中。马克飞象不存储用户的任何笔记数据。 离线存储马克飞象使用浏览器离线存储将内容实时保存在本地，不必担心网络断掉或浏览器崩溃。为了节省空间和避免冲突，已同步至印象笔记并且不再修改的笔记将删除部分本地缓存，不过依然可以随时通过文档管理打开。 注意：虽然浏览器存储大部分时候都比较可靠，但印象笔记作为专业云存储，更值得信赖。以防万一，请务必经常及时同步到印象笔记。 编辑器相关设置右侧系统菜单（快捷键Cmd + M）的设置中，提供了界面字体、字号、自定义CSS、vim/emacs 键盘模式等高级选项。 快捷键帮助 Cmd + /同步文档 Cmd + S创建文档 Cmd + Opt + N最大化编辑器 Cmd + Enter预览文档 Cmd + Opt + Enter文档管理 Cmd + O系统菜单 Cmd + M 加粗 Cmd + B插入图片 Cmd + G插入链接 Cmd + L提升标题 Cmd + H 关于收费马克飞象为新用户提供 10 天的试用期，试用期过后需要续费才能继续使用。未购买或者未及时续费，将不能同步新的笔记。之前保存过的笔记依然可以编辑。 反馈与建议 微博：@马克飞象，@GGock 邮箱：&#104;&#x75;&#115;&#x74;&#x67;&#111;&#99;&#107;&#x40;&#103;&#x6d;&#97;&#105;&#x6c;&#46;&#x63;&#111;&#x6d; 感谢阅读这份帮助文档。请点击右上角，绑定印象笔记账号，开启全新的记录与分享体验吧。 [^demo]: 这是一个示例脚注。请查阅 MultiMarkdown 文档 关于脚注的说明。 限制： 印象笔记的笔记内容使用 ENML 格式，基于 HTML，但是不支持某些标签和属性，例如id，这就导致脚注和TOC无法正常点击。","excerpt":"","categories":[{"name":"test1","slug":"test1","permalink":"http://dbafu.github.io/categories/test1/"},{"name":"test2","slug":"test1/test2","permalink":"http://dbafu.github.io/categories/test1/test2/"},{"name":"test3","slug":"test1/test2/test3","permalink":"http://dbafu.github.io/categories/test1/test2/test3/"}],"tags":[{"name":"tag1","slug":"tag1","permalink":"http://dbafu.github.io/tags/tag1/"},{"name":"tag2","slug":"tag2","permalink":"http://dbafu.github.io/tags/tag2/"},{"name":"tag3","slug":"tag3","permalink":"http://dbafu.github.io/tags/tag3/"}]},{"title":"Markdown Cheatsheet","date":"2017-07-07T10:44:43.000Z","path":"2017/07/07/markdown-cheatshet/","text":"Sample Markdown Cheat Sheet一个 Markdown 段落是由一个或多个连续的文本行组成，它的前后要有一个以上的空行（空行的定义是显示上看起来像是空的，便会被视为空行。比方说，若某一行只包含空格和制表符，则该行也会被视为空行）。普通段落不该用空格或制表符来缩进。 标题状态 This is a sample markdown file to help you write Markdown quickly :) If you use the fabulous Sublime Text 2/3 editor along with the Markdown Preview plugin, open your ST2 Palette with CMD+⇧+P then choose Markdown Preview in browser to see the result in your browser. Text basicsthis is italic and this is bold . another italic and another bold this is important text. and percentage signs : % and % This is a paragraph with a footnote (builtin parser only). [^note-id] Insert [ TOC ] without spaces to generate a table of contents (builtin parsers only). Indentation Here is some indented text even more indented TitlesBig title (h1)Middle title (h2)Smaller title (h3)and so on (hX)and so on (hX)and so on (hX) Example lists (1) bullets can be -, +, or * bullet list 1 bullet list 2 sub item 1 sub item 2 with indented text inside bullet list 3 bullet list 4 bullet list 5 LinksThis is an example inline link and another one with a title. Links can also be reference based : reference 1 or reference 2 with title. References are usually placed at the bottom of the document ImagesA sample image : As links, images can also use references instead of inline links : CodeIt’s quite easy to show code in markdown files. Backticks can be used to highlight some words. Also, any indented block is considered a code block. If enable_highlight is true, syntax highlighting will be included (for the builtin parser - the github parser does this automatically). &lt;script&gt; document.location = &apos;http://lmgtfy.com/?q=markdown+cheat+sheet&apos;; &lt;/script&gt; MathWhen enable_mathjax is true, inline math can be included \\(\\frac{\\pi}{2}\\) $\\pi$ Alternatively, math can be written on its own line: $$F(\\omega) = \\frac{1}{\\sqrt{2\\pi}} \\int_{-\\infty}^{\\infty} f(t) \\, e^{ - i \\omega t}dt$$ \\[\\int_0^1 f(t) \\mathrm{d}t\\] \\[\\sum_j \\gamma_j^2/d_j\\] GitHub Flavored MarkdownIf you use the Github parser, you can use some of Github Flavored Markdown syntax : User/Project@SHA: revolunet/sublimetext-markdown-preview@7da61badeda468b5019869d11000307e07e07401 User/Project#Issue: revolunet/sublimetext-markdown-preview#1 User : @revolunet Some Python code : import randomclass CardGame(object): \"\"\" a sample python class \"\"\" NB_CARDS = 32 def __init__(self, cards=5): self.cards = random.sample(range(self.NB_CARDS), 5) print 'ready to play' Some Javascript code : var config = &#123; duration: 5, comment: 'WTF'&#125;// callbacks beauty un actionasync_call('/path/to/api', function(json) &#123; another_call(json, function(result2) &#123; another_another_call(result2, function(result3) &#123; another_another_another_call(result3, function(result4) &#123; alert('And if all went well, i got my result :)'); &#125;); &#125;); &#125;);&#125;) The Github Markdown also brings some nice Emoji support : :+1: :heart: :beer: [^note-id]: This is the text of the note. Parsers and ExtensionsMarkdown Preview comes with Python-Markdown preloaded. Python-MarkdownThe Python-Markdown Parser provides support for several extensions. Extra Extensions abbr – Abbreviations attr_list – Attribute Lists def_list – Definition Lists fenced_code – Fenced Code Blocks footnotes – Footnotes tables – Tables smart_strong – Smart Strong You can enable them all at once using the extra keyword. extensions: [ &apos;extra&apos; ] If you want all the extras plus the toc extension,your settings would look like this: { ... parser: &apos;markdown&apos;, extensions: [&apos;extra&apos;, &apos;toc&apos;], ... } Other ExtensionsThere are also some extensions that are not included in Markdown Extrabut come in the standard Python-Markdown library. code-hilite – CodeHilite html-tidy – HTML Tidy header-id – HeaderId meta_data – Meta-Data nl2br – New Line to Break rss – RSS sane_lists – Sane Lists smarty – Smarty toc – Table of Contents wikilinks – WikiLinks 3rd Party ExtensionsPython-Markdown is designed to be extended. Some included ones are: delete – github style delte support via ~~word~~ githubemoji – github emoji support tasklist – github style tasklists magiclink – github style auto link conversion of http|ftp links headeranchor – github style header anchor links github – Adds the above extensions in one shot b64 – convert and embed local images to base64. Setup by adding this b64(base_path=${BASE_PATH}) There are also a number of others available: Just fork this repo and add your extensions inside the .../Packages/Markdown Preview/markdown/extensions/ folder. Check out the list of 3rd Party extensions. Default ExtensionsThe default extensions are: footnotes – Footnotes toc – Table of Contents fenced_code – Fenced Code Blocks tables – Tables Use the default keyword, to select them all.If you want all the defaults plus the definition_lists extension,your settings would look like this: { ... parser: &apos;markdown&apos;, extensions: [&apos;default&apos;, &apos;definition_lists&apos;], ... } ExamplesTablesThe tables extension of the Python-Markdown parser is activated by default,but is currently not available in Markdown2. The syntax was adopted from the php markdown project,and is also used in github flavoured markdown. Year Temperature (low) Temperature (high) 1900 -10 25 1910 -15 30 1920 -10 32 Wiki TablesIf you are using Markdown2 with the wiki-tables extra activated you should see a table below: || Year || Temperature (low) || Temperature (high) |||| 1900 || -10 || 25 |||| 1910 || -15 || 30 |||| 1920 || -10 || 32 || Definition ListsThis example requires Python Markdown‘s def_list extension. Apple: Pomaceous fruit of plants of the genus Malus in the family Rosaceae. Orange: The fruit of an evergreen tree of the genus Citrus. AboutThis plugin and this sample file is proudly brought to you by the revolunet team","excerpt":"","categories":[{"name":"Markdown","slug":"Markdown","permalink":"http://dbafu.github.io/categories/Markdown/"}],"tags":[{"name":"演示","slug":"演示","permalink":"http://dbafu.github.io/tags/演示/"},{"name":"test","slug":"test","permalink":"http://dbafu.github.io/tags/test/"}]},{"title":"Hello World","date":"2017-07-07T10:44:43.000Z","path":"2017/07/07/helo-world/","text":"Welcome to Hexo! This is your very first post. Check documentation for more info. If you get any problems when using Hexo, you can find the answer in troubleshooting or you can ask me on GitHub. Quick StartCreate a new post$ hexo new \"My New Post\" More info: Writing Run server$ hexo server More info: Server Generate static files$ hexo generate More info: Generating Deploy to remote sites$ hexo deploy More info: Deployment","excerpt":"","categories":[{"name":"shell","slug":"shell","permalink":"http://dbafu.github.io/categories/shell/"}],"tags":[{"name":"演示","slug":"演示","permalink":"http://dbafu.github.io/tags/演示/"},{"name":"test","slug":"test","permalink":"http://dbafu.github.io/tags/test/"}]}]